<?xml version="1.0" encoding="UTF-8"?><MD_Metadata xmlns:gts="http://www.isotc211.org/2005/gts" xmlns:gco="http://www.isotc211.org/2005/gco" xmlns:xalan="http://xml.apache.org/xalan" xmlns:srv="http://www.isotc211.org/2005/srv" xmlns:gmx="http://www.isotc211.org/2005/gmx" xmlns:xlink="http://www.w3.org/1999/xlink" xmlns:xsi="http://www.w3.org/2001/XMLSchema-instance" xmlns:gml="http://www.opengis.net/gml" xmlns="http://www.isotc211.org/2005/gmd">
    <language>
        <LanguageCode codeList="http://www.loc.gov/standards/iso639-2/php/code_list.php" codeListValue="eng" codeSpace="ISO639-2">eng</LanguageCode>
    </language>
    <characterSet>
        <MD_CharacterSetCode codeList="http://www.isotc211.org/2005/resources/Codelist/gmxCodelists.xml#MD_CharacterSetCode" codeListValue="utf8" codeSpace="ISOTC211/19115">utf8</MD_CharacterSetCode>
    </characterSet>
    <hierarchyLevel>
        <MD_ScopeCode codeList="http://www.isotc211.org/2005/resources/Codelist/gmxCodelists.xml#MD_ScopeCode" codeListValue="dataset" codeSpace="ISOTC211/19115">dataset</MD_ScopeCode>
    </hierarchyLevel>
    <hierarchyLevelName>
        <gco:CharacterString>dataset</gco:CharacterString>
    </hierarchyLevelName>
    <contact gco:nilReason="missing"/>
    <dateStamp>
        <gco:Date>2024-07-09</gco:Date>
    </dateStamp>
    <metadataStandardName>
        <gco:CharacterString>ISO 19139 Geographic Information - Metadata - Implementation Specification</gco:CharacterString>
    </metadataStandardName>
    <metadataStandardVersion>
        <gco:CharacterString>2007</gco:CharacterString>
    </metadataStandardVersion>
    <spatialRepresentationInfo>
        <MD_VectorSpatialRepresentation>
            <topologyLevel>
                <MD_TopologyLevelCode codeList="http://www.isotc211.org/2005/resources/Codelist/gmxCodelists.xml#MD_TopologyLevelCode" codeListValue="geometryOnly" codeSpace="ISOTC211/19115">geometryOnly</MD_TopologyLevelCode>
            </topologyLevel>
            <geometricObjects>
                <MD_GeometricObjects>
                    <geometricObjectType>
                        <MD_GeometricObjectTypeCode codeList="http://www.isotc211.org/2005/resources/Codelist/gmxCodelists.xml#MD_GeometricObjectTypeCode" codeListValue="composite" codeSpace="ISOTC211/19115">composite</MD_GeometricObjectTypeCode>
                    </geometricObjectType>
                </MD_GeometricObjects>
            </geometricObjects>
        </MD_VectorSpatialRepresentation>
    </spatialRepresentationInfo>
    <referenceSystemInfo>
        <MD_ReferenceSystem>
            <referenceSystemIdentifier>
                <RS_Identifier>
                    <code>
                        <gco:CharacterString>4269</gco:CharacterString>
                    </code>
                    <codeSpace>
                        <gco:CharacterString>EPSG</gco:CharacterString>
                    </codeSpace>
                    <version>
                        <gco:CharacterString>6.5(3.0.1)</gco:CharacterString>
                    </version>
                </RS_Identifier>
            </referenceSystemIdentifier>
        </MD_ReferenceSystem>
    </referenceSystemInfo>
    <identificationInfo>
        <MD_DataIdentification>
            <citation>
                <CI_Citation>
                    <title>
                        <gco:CharacterString>AC_Blocks</gco:CharacterString>
                    </title>
                    <date gco:nilReason="missing"/>
                    <presentationForm>
                        <CI_PresentationFormCode codeList="http://www.isotc211.org/2005/resources/Codelist/gmxCodelists.xml#CI_PresentationFormCode" codeListValue="mapDigital" codeSpace="ISOTC211/19115">mapDigital</CI_PresentationFormCode>
                    </presentationForm>
                </CI_Citation>
            </citation>
            <abstract>
                <gco:CharacterString>This is an Allegheny County extract of the 2020 US Census Block Groups downloaded from the following website:  https://www.census.gov/geographies/mapping-files/time-series/geo/tiger-geodatabase-file.htmlIf viewing this description on the Western Pennsylvania Regional Data Center’s open data portal (https://www.wprdc.org), this dataset is harvested on a weekly basis from Allegheny County’s GIS data portal (https://openac.alcogis.opendata.arcgis.com/). The full metadata record for this dataset can also be found on Allegheny County’s GIS portal. You can access the metadata record and other resources on the GIS portal by clicking on the “Explore” button (and choosing the “Go to resource” option) to the right of the “ArcGIS Open Dataset” text below.Category:  Civic Vitality and GovernanceOrganization:  Allegheny CountyDepartment:  Geographic Information Systems Group; Department of Information TechnologyTemporal Coverage:  currentData Notes: Coordinate System:  GCS_North_American_1983Development Notes:  noneOther: noneRelated Document(s):  noneFrequency - Data Change:  2023 dataFrequency - Publishing:  one-timeData Steward Name:  See https://www.census.gov/geo/about/contact.html for more information.Data Steward Email: See https://www.census.gov/geo/about/contact.html for more information.</gco:CharacterString>
            </abstract>
            <purpose>
                <gco:CharacterString>Allegheny County Census Block Groups 2020</gco:CharacterString>
            </purpose>
            <descriptiveKeywords>
                <MD_Keywords>
                    <keyword>
                        <gco:CharacterString>census</gco:CharacterString>
                    </keyword>
                </MD_Keywords>
            </descriptiveKeywords>
            <resourceConstraints>
                <MD_Constraints>
                    <useLimitation>
                        <gco:CharacterString>Use Constraints:All parties acknowledge that the data is for informational purposes only, there is no guarantee as to its completeness or accuracy. Allegheny County Department of Information Technology Geographic Information Systems Group is not responsible for any reliance upon said data.Distribution Liability:The USER shall indemnify, save harmless, and, if requested, defend those parties involved with the development and distribution of this data, their officers, agents, and employees from and against any suits, claims, or actions for injury, death, or property damage arising out of the use of or any defect in the FILES or any accompanying documentation. Those parties involved with the development and distribution excluded any and all implied warranties, including warranties or merchantability and fitness for a particular purpose and makes no warranty or representation, either express or implied, with respect to the FILES or accompanying documentation, including its quality, performance, merchantability, or fitness for a particular purpose. The FILES and documentation are provided &amp;quot;as is&amp;quot; and the USER assumes the entire risk as to its quality and performance. Those parties involved with the development and distribution of this data will not be liable for any direct, indirect, special, incidental, or consequential damages arising out of the use or inability to use the FILES or any accompanying documentation.</gco:CharacterString>
                    </useLimitation>
                </MD_Constraints>
            </resourceConstraints>
            <spatialRepresentationType>
                <MD_SpatialRepresentationTypeCode codeList="http://www.isotc211.org/2005/resources/Codelist/gmxCodelists.xml#MD_SpatialRepresentationTypeCode" codeListValue="vector" codeSpace="ISOTC211/19115">vector</MD_SpatialRepresentationTypeCode>
            </spatialRepresentationType>
            <language>
                <LanguageCode codeList="http://www.loc.gov/standards/iso639-2/php/code_list.php" codeListValue="eng" codeSpace="ISO639-2">eng</LanguageCode>
            </language>
            <characterSet>
                <MD_CharacterSetCode codeList="http://www.isotc211.org/2005/resources/Codelist/gmxCodelists.xml#MD_CharacterSetCode" codeListValue="utf8" codeSpace="ISOTC211/19115">utf8</MD_CharacterSetCode>
            </characterSet>
            <environmentDescription>
                <gco:CharacterString>Esri ArcGIS 13.2.0.49743</gco:CharacterString>
            </environmentDescription>
        </MD_DataIdentification>
    </identificationInfo>
    <distributionInfo>
        <MD_Distribution>
            <distributionFormat>
                <MD_Format>
                    <name>
                        <gco:CharacterString>Shapefile</gco:CharacterString>
                    </name>
                    <version gco:nilReason="missing"/>
                </MD_Format>
            </distributionFormat>
            <transferOptions>
                <MD_DigitalTransferOptions/>
            </transferOptions>
        </MD_Distribution>
    </distributionInfo>
</MD_Metadata>
